h3_length,sample_id,input_sequence,generated_cdrh3,full_generated_sequence
6,1,TAVYYC______WGQGTLVTVSS,IASGGT,TAVYYCIASGGTWGQGTLVTVSS
6,2,TAVYYC______WGQGTLVTVSS,QVGGSI,TAVYYCQVGGSIWGQGTLVTVSS
6,3,TAVYYC______WGQGTLVTVSS,QAGTSI,TAVYYCQAGTSIWGQGTLVTVSS
6,4,TAVYYC______WGQGTLVTVSS,AAGSGS,TAVYYCAAGSGSWGQGTLVTVSS
6,5,TAVYYC______WGQGTLVTVSS,SAGGGY,TAVYYCSAGGGYWGQGTLVTVSS
6,6,TAVYYC______WGQGTLVTVSS,QAGTDI,TAVYYCQAGTDIWGQGTLVTVSS
6,7,TAVYYC______WGQGTLVTVSS,ADSSGN,TAVYYCADSSGNWGQGTLVTVSS
6,8,TAVYYC______WGQGTLVTVSS,QAGTVY,TAVYYCQAGTVYWGQGTLVTVSS
6,9,TAVYYC______WGQGTLVTVSS,RAGGGV,TAVYYCRAGGGVWGQGTLVTVSS
6,10,TAVYYC______WGQGTLVTVSS,QAGRGY,TAVYYCQAGRGYWGQGTLVTVSS
6,11,TAVYYC______WGQGTLVTVSS,QVSGST,TAVYYCQVSGSTWGQGTLVTVSS
6,12,TAVYYC______WGQGTLVTVSS,QAGTSY,TAVYYCQAGTSYWGQGTLVTVSS
6,13,TAVYYC______WGQGTLVTVSS,QVGTST,TAVYYCQVGTSTWGQGTLVTVSS
6,14,TAVYYC______WGQGTLVTVSS,QVGSSY,TAVYYCQVGSSYWGQGTLVTVSS
6,15,TAVYYC______WGQGTLVTVSS,QRGTDL,TAVYYCQRGTDLWGQGTLVTVSS
6,16,TAVYYC______WGQGTLVTVSS,QSGSST,TAVYYCQSGSSTWGQGTLVTVSS
6,17,TAVYYC______WGQGTLVTVSS,QAGSST,TAVYYCQAGSSTWGQGTLVTVSS
6,18,TAVYYC______WGQGTLVTVSS,QKGTDY,TAVYYCQKGTDYWGQGTLVTVSS
6,19,TAVYYC______WGQGTLVTVSS,QRGTSV,TAVYYCQRGTSVWGQGTLVTVSS
6,20,TAVYYC______WGQGTLVTVSS,QVSGGT,TAVYYCQVSGGTWGQGTLVTVSS
6,21,TAVYYC______WGQGTLVTVSS,QAGTSN,TAVYYCQAGTSNWGQGTLVTVSS
6,22,TAVYYC______WGQGTLVTVSS,QVNTSY,TAVYYCQVNTSYWGQGTLVTVSS
6,23,TAVYYC______WGQGTLVTVSS,QAGGSV,TAVYYCQAGGSVWGQGTLVTVSS
6,24,TAVYYC______WGQGTLVTVSS,QAGSSY,TAVYYCQAGSSYWGQGTLVTVSS
6,25,TAVYYC______WGQGTLVTVSS,QAGGSV,TAVYYCQAGGSVWGQGTLVTVSS
6,26,TAVYYC______WGQGTLVTVSS,QAGIST,TAVYYCQAGISTWGQGTLVTVSS
6,27,TAVYYC______WGQGTLVTVSS,QAGTSV,TAVYYCQAGTSVWGQGTLVTVSS
6,28,TAVYYC______WGQGTLVTVSS,QVGTSI,TAVYYCQVGTSIWGQGTLVTVSS
6,29,TAVYYC______WGQGTLVTVSS,QVGTST,TAVYYCQVGTSTWGQGTLVTVSS
6,30,TAVYYC______WGQGTLVTVSS,QAGGNI,TAVYYCQAGGNIWGQGTLVTVSS
6,31,TAVYYC______WGQGTLVTVSS,QAGTTI,TAVYYCQAGTTIWGQGTLVTVSS
6,32,TAVYYC______WGQGTLVTVSS,QAGQGA,TAVYYCQAGQGAWGQGTLVTVSS
6,33,TAVYYC______WGQGTLVTVSS,QAGTSY,TAVYYCQAGTSYWGQGTLVTVSS
6,34,TAVYYC______WGQGTLVTVSS,ARGTSI,TAVYYCARGTSIWGQGTLVTVSS
6,35,TAVYYC______WGQGTLVTVSS,QPSGGA,TAVYYCQPSGGAWGQGTLVTVSS
6,36,TAVYYC______WGQGTLVTVSS,RAGSNY,TAVYYCRAGSNYWGQGTLVTVSS
6,37,TAVYYC______WGQGTLVTVSS,QRGTSY,TAVYYCQRGTSYWGQGTLVTVSS
6,38,TAVYYC______WGQGTLVTVSS,ATGTST,TAVYYCATGTSTWGQGTLVTVSS
6,39,TAVYYC______WGQGTLVTVSS,QAGYGY,TAVYYCQAGYGYWGQGTLVTVSS
6,40,TAVYYC______WGQGTLVTVSS,QRGTDY,TAVYYCQRGTDYWGQGTLVTVSS
6,41,TAVYYC______WGQGTLVTVSS,QVSGGA,TAVYYCQVSGGAWGQGTLVTVSS
6,42,TAVYYC______WGQGTLVTVSS,QRGVDI,TAVYYCQRGVDIWGQGTLVTVSS
6,43,TAVYYC______WGQGTLVTVSS,QAGSST,TAVYYCQAGSSTWGQGTLVTVSS
6,44,TAVYYC______WGQGTLVTVSS,QASSSS,TAVYYCQASSSSWGQGTLVTVSS
6,45,TAVYYC______WGQGTLVTVSS,QAGDSI,TAVYYCQAGDSIWGQGTLVTVSS
6,46,TAVYYC______WGQGTLVTVSS,QRGSSY,TAVYYCQRGSSYWGQGTLVTVSS
6,47,TAVYYC______WGQGTLVTVSS,QRGSGY,TAVYYCQRGSGYWGQGTLVTVSS
6,48,TAVYYC______WGQGTLVTVSS,QAGSSY,TAVYYCQAGSSYWGQGTLVTVSS
6,49,TAVYYC______WGQGTLVTVSS,QAGSGY,TAVYYCQAGSGYWGQGTLVTVSS
6,50,TAVYYC______WGQGTLVTVSS,QRGTDF,TAVYYCQRGTDFWGQGTLVTVSS
8,1,TAVYYC________WGQGTLVTVSS,ARYDGSWY,TAVYYCARYDGSWYWGQGTLVTVSS
8,2,TAVYYC________WGQGTLVTVSS,QVSAGAVS,TAVYYCQVSAGAVSWGQGTLVTVSS
8,3,TAVYYC________WGQGTLVTVSS,VRSGGVLY,TAVYYCVRSGGVLYWGQGTLVTVSS
8,4,TAVYYC________WGQGTLVTVSS,VREGGGWY,TAVYYCVREGGGWYWGQGTLVTVSS
8,5,TAVYYC________WGQGTLVTVSS,ARGGSPWD,TAVYYCARGGSPWDWGQGTLVTVSS
8,6,TAVYYC________WGQGTLVTVSS,VVHNGTDY,TAVYYCVVHNGTDYWGQGTLVTVSS
8,7,TAVYYC________WGQGTLVTVSS,ARYSGFWY,TAVYYCARYSGFWYWGQGTLVTVSS
8,8,TAVYYC________WGQGTLVTVSS,QVTNGTAS,TAVYYCQVTNGTASWGQGTLVTVSS
8,9,TAVYYC________WGQGTLVTVSS,QRSSGFWY,TAVYYCQRSSGFWYWGQGTLVTVSS
8,10,TAVYYC________WGQGTLVTVSS,AAYNGTWT,TAVYYCAAYNGTWTWGQGTLVTVSS
8,11,TAVYYC________WGQGTLVTVSS,ARTSGTVV,TAVYYCARTSGTVVWGQGTLVTVSS
8,12,TAVYYC________WGQGTLVTVSS,VVTAGSAV,TAVYYCVVTAGSAVWGQGTLVTVSS
8,13,TAVYYC________WGQGTLVTVSS,ARDDGSWT,TAVYYCARDDGSWTWGQGTLVTVSS
8,14,TAVYYC________WGQGTLVTVSS,ARGSGTLV,TAVYYCARGSGTLVWGQGTLVTVSS
8,15,TAVYYC________WGQGTLVTVSS,AAYNGAWS,TAVYYCAAYNGAWSWGQGTLVTVSS
8,16,TAVYYC________WGQGTLVTVSS,ARLGGGWV,TAVYYCARLGGGWVWGQGTLVTVSS
8,17,TAVYYC________WGQGTLVTVSS,ARTASPTT,TAVYYCARTASPTTWGQGTLVTVSS
8,18,TAVYYC________WGQGTLVTVSS,AVTAGGIF,TAVYYCAVTAGGIFWGQGTLVTVSS
8,19,TAVYYC________WGQGTLVTVSS,ARSDGVLY,TAVYYCARSDGVLYWGQGTLVTVSS
8,20,TAVYYC________WGQGTLVTVSS,VVTSGSTA,TAVYYCVVTSGSTAWGQGTLVTVSS
8,21,TAVYYC________WGQGTLVTVSS,AAYRGSWS,TAVYYCAAYRGSWSWGQGTLVTVSS
8,22,TAVYYC________WGQGTLVTVSS,ARYDGSWV,TAVYYCARYDGSWVWGQGTLVTVSS
8,23,TAVYYC________WGQGTLVTVSS,ARYSGIWT,TAVYYCARYSGIWTWGQGTLVTVSS
8,24,TAVYYC________WGQGTLVTVSS,VRTKGGWY,TAVYYCVRTKGGWYWGQGTLVTVSS
8,25,TAVYYC________WGQGTLVTVSS,ARSSGTWY,TAVYYCARSSGTWYWGQGTLVTVSS
8,26,TAVYYC________WGQGTLVTVSS,ARTGGSTV,TAVYYCARTGGSTVWGQGTLVTVSS
8,27,TAVYYC________WGQGTLVTVSS,AIYDGTWY,TAVYYCAIYDGTWYWGQGTLVTVSS
8,28,TAVYYC________WGQGTLVTVSS,AAYNGSWD,TAVYYCAAYNGSWDWGQGTLVTVSS
8,29,TAVYYC________WGQGTLVTVSS,ARDDGSWV,TAVYYCARDDGSWVWGQGTLVTVSS
8,30,TAVYYC________WGQGTLVTVSS,VVTAGGQY,TAVYYCVVTAGGQYWGQGTLVTVSS
8,31,TAVYYC________WGQGTLVTVSS,QRSSGGLY,TAVYYCQRSSGGLYWGQGTLVTVSS
8,32,TAVYYC________WGQGTLVTVSS,QRDADPLT,TAVYYCQRDADPLTWGQGTLVTVSS
8,33,TAVYYC________WGQGTLVTVSS,AVYDGSWY,TAVYYCAVYDGSWYWGQGTLVTVSS
8,34,TAVYYC________WGQGTLVTVSS,ARSSGSLV,TAVYYCARSSGSLVWGQGTLVTVSS
8,35,TAVYYC________WGQGTLVTVSS,ARYSGSWV,TAVYYCARYSGSWVWGQGTLVTVSS
8,36,TAVYYC________WGQGTLVTVSS,ARTGSSTV,TAVYYCARTGSSTVWGQGTLVTVSS
8,37,TAVYYC________WGQGTLVTVSS,VRSTGSWV,TAVYYCVRSTGSWVWGQGTLVTVSS
8,38,TAVYYC________WGQGTLVTVSS,ARSGAGWV,TAVYYCARSGAGWVWGQGTLVTVSS
8,39,TAVYYC________WGQGTLVTVSS,AVYDGYWY,TAVYYCAVYDGYWYWGQGTLVTVSS
8,40,TAVYYC________WGQGTLVTVSS,AVYNGTVT,TAVYYCAVYNGTVTWGQGTLVTVSS
8,41,TAVYYC________WGQGTLVTVSS,ARFDGTWY,TAVYYCARFDGTWYWGQGTLVTVSS
8,42,TAVYYC________WGQGTLVTVSS,ARVSGSWY,TAVYYCARVSGSWYWGQGTLVTVSS
8,43,TAVYYC________WGQGTLVTVSS,AAWGGGWY,TAVYYCAAWGGGWYWGQGTLVTVSS
8,44,TAVYYC________WGQGTLVTVSS,VRSAGFWY,TAVYYCVRSAGFWYWGQGTLVTVSS
8,45,TAVYYC________WGQGTLVTVSS,AVWDGSWL,TAVYYCAVWDGSWLWGQGTLVTVSS
8,46,TAVYYC________WGQGTLVTVSS,VVTAGDTV,TAVYYCVVTAGDTVWGQGTLVTVSS
8,47,TAVYYC________WGQGTLVTVSS,AVYDGTWY,TAVYYCAVYDGTWYWGQGTLVTVSS
8,48,TAVYYC________WGQGTLVTVSS,QADAGSLS,TAVYYCQADAGSLSWGQGTLVTVSS
8,49,TAVYYC________WGQGTLVTVSS,VAYNGYYY,TAVYYCVAYNGYYYWGQGTLVTVSS
8,50,TAVYYC________WGQGTLVTVSS,VASAGTDV,TAVYYCVASAGTDVWGQGTLVTVSS
10,2,TAVYYC__________WGQGTLVTVSS,ARSVSGSELV,TAVYYCARSVSGSELVWGQGTLVTVSS
10,3,TAVYYC__________WGQGTLVTVSS,ARRDSSGEWV,TAVYYCARRDSSGEWVWGQGTLVTVSS
10,4,TAVYYC__________WGQGTLVTVSS,ARDPGGGYDY,TAVYYCARDPGGGYDYWGQGTLVTVSS
10,6,TAVYYC__________WGQGTLVTVSS,ARDPGSGAPL,TAVYYCARDPGSGAPLWGQGTLVTVSS
10,7,TAVYYC__________WGQGTLVTVSS,ARSQGGGPWV,TAVYYCARSQGGGPWVWGQGTLVTVSS
10,8,TAVYYC__________WGQGTLVTVSS,ARQVGGGEWV,TAVYYCARQVGGGEWVWGQGTLVTVSS
10,9,TAVYYC__________WGQGTLVTVSS,ARRDGGLGWV,TAVYYCARRDGGLGWVWGQGTLVTVSS
10,10,TAVYYC__________WGQGTLVTVSS,ARSVSGVLDV,TAVYYCARSVSGVLDVWGQGTLVTVSS
10,11,TAVYYC__________WGQGTLVTVSS,ARYDGGGVWK,TAVYYCARYDGGGVWKWGQGTLVTVSS
10,12,TAVYYC__________WGQGTLVTVSS,ARFDGGGYWY,TAVYYCARFDGGGYWYWGQGTLVTVSS
10,13,TAVYYC__________WGQGTLVTVSS,ARQDSGGNWV,TAVYYCARQDSGGNWVWGQGTLVTVSS
10,14,TAVYYC__________WGQGTLVTVSS,ARRVGGSFDV,TAVYYCARRVGGSFDVWGQGTLVTVSS
10,15,TAVYYC__________WGQGTLVTVSS,QRRDGGGLLV,TAVYYCQRRDGGGLLVWGQGTLVTVSS
10,16,TAVYYC__________WGQGTLVTVSS,ARSSGGGEAV,TAVYYCARSSGGGEAVWGQGTLVTVSS
10,17,TAVYYC__________WGQGTLVTVSS,VVTPTTGSAV,TAVYYCVVTPTTGSAVWGQGTLVTVSS
10,18,TAVYYC__________WGQGTLVTVSS,TRDTNGLPWV,TAVYYCTRDTNGLPWVWGQGTLVTVSS
10,21,TAVYYC__________WGQGTLVTVSS,ARSDGSSWDV,TAVYYCARSDGSSWDVWGQGTLVTVSS
10,22,TAVYYC__________WGQGTLVTVSS,AALVSGGAWV,TAVYYCAALVSGGAWVWGQGTLVTVSS
10,23,TAVYYC__________WGQGTLVTVSS,ARDDGGGLDV,TAVYYCARDDGGGLDVWGQGTLVTVSS
10,24,TAVYYC__________WGQGTLVTVSS,AAKDSNGNWV,TAVYYCAAKDSNGNWVWGQGTLVTVSS
10,25,TAVYYC__________WGQGTLVTVSS,ARDSGGSLGP,TAVYYCARDSGGSLGPWGQGTLVTVSS
10,26,TAVYYC__________WGQGTLVTVSS,ARRVSGGPWI,TAVYYCARRVSGGPWIWGQGTLVTVSS
10,27,TAVYYC__________WGQGTLVTVSS,ARTTASGESV,TAVYYCARTTASGESVWGQGTLVTVSS
10,28,TAVYYC__________WGQGTLVTVSS,ARDSGGGLEV,TAVYYCARDSGGGLEVWGQGTLVTVSS
10,29,TAVYYC__________WGQGTLVTVSS,VATDSGGNET,TAVYYCVATDSGGNETWGQGTLVTVSS
10,31,TAVYYC__________WGQGTLVTVSS,ARRVGGGPWV,TAVYYCARRVGGGPWVWGQGTLVTVSS
10,32,TAVYYC__________WGQGTLVTVSS,ARRDSAGNWV,TAVYYCARRDSAGNWVWGQGTLVTVSS
10,33,TAVYYC__________WGQGTLVTVSS,AARDGSSNWV,TAVYYCAARDGSSNWVWGQGTLVTVSS
10,34,TAVYYC__________WGQGTLVTVSS,ARSDLGSLDV,TAVYYCARSDLGSLDVWGQGTLVTVSS
10,35,TAVYYC__________WGQGTLVTVSS,ARSVGGGEWV,TAVYYCARSVGGGEWVWGQGTLVTVSS
10,36,TAVYYC__________WGQGTLVTVSS,ARDNGGLPFV,TAVYYCARDNGGLPFVWGQGTLVTVSS
10,37,TAVYYC__________WGQGTLVTVSS,ARSSGGSLDV,TAVYYCARSSGGSLDVWGQGTLVTVSS
10,38,TAVYYC__________WGQGTLVTVSS,ARDTGSGEWV,TAVYYCARDTGSGEWVWGQGTLVTVSS
10,39,TAVYYC__________WGQGTLVTVSS,ARSDGSGLDV,TAVYYCARSDGSGLDVWGQGTLVTVSS
10,40,TAVYYC__________WGQGTLVTVSS,AASDGTGPWV,TAVYYCAASDGTGPWVWGQGTLVTVSS
10,41,TAVYYC__________WGQGTLVTVSS,ARQDGSGPWV,TAVYYCARQDGSGPWVWGQGTLVTVSS
10,42,TAVYYC__________WGQGTLVTVSS,ARSSGGAVDV,TAVYYCARSSGGAVDVWGQGTLVTVSS
10,43,TAVYYC__________WGQGTLVTVSS,ARYDGGGYWY,TAVYYCARYDGGGYWYWGQGTLVTVSS
10,44,TAVYYC__________WGQGTLVTVSS,VRRVSGGADV,TAVYYCVRRVSGGADVWGQGTLVTVSS
10,45,TAVYYC__________WGQGTLVTVSS,ARRPGSGDWV,TAVYYCARRPGSGDWVWGQGTLVTVSS
10,46,TAVYYC__________WGQGTLVTVSS,ARSSGGSLDV,TAVYYCARSSGGSLDVWGQGTLVTVSS
10,47,TAVYYC__________WGQGTLVTVSS,ARSDGSGLWV,TAVYYCARSDGSGLWVWGQGTLVTVSS
10,48,TAVYYC__________WGQGTLVTVSS,AALTSSGGWV,TAVYYCAALTSSGGWVWGQGTLVTVSS
10,49,TAVYYC__________WGQGTLVTVSS,ARRDEGGGWV,TAVYYCARRDEGGGWVWGQGTLVTVSS
10,50,TAVYYC__________WGQGTLVTVSS,ARSDGGYEDV,TAVYYCARSDGGYEDVWGQGTLVTVSS
12,1,TAVYYC____________WGQGTLVTVSS,ARDDGGTGGFDV,TAVYYCARDDGGTGGFDVWGQGTLVTVSS
12,2,TAVYYC____________WGQGTLVTVSS,AASSGSGGSLDV,TAVYYCAASSGSGGSLDVWGQGTLVTVSS
12,3,TAVYYC____________WGQGTLVTVSS,ARSSGGGGNYDV,TAVYYCARSSGGGGNYDVWGQGTLVTVSS
12,4,TAVYYC____________WGQGTLVTVSS,ARDIGGGGGFDV,TAVYYCARDIGGGGGFDVWGQGTLVTVSS
12,5,TAVYYC____________WGQGTLVTVSS,AASGGGGGGFDV,TAVYYCAASGGGGGGFDVWGQGTLVTVSS
12,7,TAVYYC____________WGQGTLVTVSS,ARSSSSGGSSWV,TAVYYCARSSSSGGSSWVWGQGTLVTVSS
12,8,TAVYYC____________WGQGTLVTVSS,AAGGGGGGGLDV,TAVYYCAAGGGGGGGLDVWGQGTLVTVSS
12,9,TAVYYC____________WGQGTLVTVSS,AASSGSGSGFDV,TAVYYCAASSGSGSGFDVWGQGTLVTVSS
12,10,TAVYYC____________WGQGTLVTVSS,ARGGGLFGGFDV,TAVYYCARGGGLFGGFDVWGQGTLVTVSS
12,11,TAVYYC____________WGQGTLVTVSS,AAGGGGGGNYDV,TAVYYCAAGGGGGGNYDVWGQGTLVTVSS
12,12,TAVYYC____________WGQGTLVTVSS,ARDDGGGGIFQV,TAVYYCARDDGGGGIFQVWGQGTLVTVSS
12,13,TAVYYC____________WGQGTLVTVSS,ARDDGGGGGFLV,TAVYYCARDDGGGGGFLVWGQGTLVTVSS
12,14,TAVYYC____________WGQGTLVTVSS,ARFGGGGGGFDV,TAVYYCARFGGGGGGFDVWGQGTLVTVSS
12,15,TAVYYC____________WGQGTLVTVSS,ARQPSVGGGEDV,TAVYYCARQPSVGGGEDVWGQGTLVTVSS
12,16,TAVYYC____________WGQGTLVTVSS,AADGGGSGGYDV,TAVYYCAADGGGSGGYDVWGQGTLVTVSS
12,17,TAVYYC____________WGQGTLVTVSS,ARSSGGGSTFDV,TAVYYCARSSGGGSTFDVWGQGTLVTVSS
12,18,TAVYYC____________WGQGTLVTVSS,ARRDSSSGSFDV,TAVYYCARRDSSSGSFDVWGQGTLVTVSS
12,19,TAVYYC____________WGQGTLVTVSS,AWDDGSGGGFDV,TAVYYCAWDDGSGGGFDVWGQGTLVTVSS
12,20,TAVYYC____________WGQGTLVTVSS,ARGAGGGGGLDV,TAVYYCARGAGGGGGLDVWGQGTLVTVSS
12,21,TAVYYC____________WGQGTLVTVSS,ARSDGGGTSFDV,TAVYYCARSDGGGTSFDVWGQGTLVTVSS
12,22,TAVYYC____________WGQGTLVTVSS,AADDGSGGGYDV,TAVYYCAADDGSGGGYDVWGQGTLVTVSS
12,23,TAVYYC____________WGQGTLVTVSS,ARSSGGGGSFDV,TAVYYCARSSGGGGSFDVWGQGTLVTVSS
12,24,TAVYYC____________WGQGTLVTVSS,ARDGGGGGGFDV,TAVYYCARDGGGGGGFDVWGQGTLVTVSS
12,25,TAVYYC____________WGQGTLVTVSS,ARSGGGGGGLDV,TAVYYCARSGGGGGGLDVWGQGTLVTVSS
12,26,TAVYYC____________WGQGTLVTVSS,AAYGGDGGGGDV,TAVYYCAAYGGDGGGGDVWGQGTLVTVSS
12,27,TAVYYC____________WGQGTLVTVSS,ARSGGGGGGFDV,TAVYYCARSGGGGGGFDVWGQGTLVTVSS
12,28,TAVYYC____________WGQGTLVTVSS,ARDDGGGGGFDV,TAVYYCARDDGGGGGFDVWGQGTLVTVSS
12,29,TAVYYC____________WGQGTLVTVSS,ARRDSGGGGFDV,TAVYYCARRDSGGGGFDVWGQGTLVTVSS
12,30,TAVYYC____________WGQGTLVTVSS,ARDAGGGGGFDV,TAVYYCARDAGGGGGFDVWGQGTLVTVSS
12,31,TAVYYC____________WGQGTLVTVSS,ARDDDGDGDFDV,TAVYYCARDDDGDGDFDVWGQGTLVTVSS
12,32,TAVYYC____________WGQGTLVTVSS,ARSGGGGGGFDV,TAVYYCARSGGGGGGFDVWGQGTLVTVSS
12,33,TAVYYC____________WGQGTLVTVSS,ARSSGGGGGYDV,TAVYYCARSSGGGGGYDVWGQGTLVTVSS
12,34,TAVYYC____________WGQGTLVTVSS,AADDGSGGGFDV,TAVYYCAADDGSGGGFDVWGQGTLVTVSS
12,35,TAVYYC____________WGQGTLVTVSS,ARGGGGGGGFDV,TAVYYCARGGGGGGGFDVWGQGTLVTVSS
12,36,TAVYYC____________WGQGTLVTVSS,ARDDDGDGVFDV,TAVYYCARDDDGDGVFDVWGQGTLVTVSS
12,37,TAVYYC____________WGQGTLVTVSS,AASSGSGGSLAV,TAVYYCAASSGSGGSLAVWGQGTLVTVSS
12,38,TAVYYC____________WGQGTLVTVSS,ARVDSSGGGSDV,TAVYYCARVDSSGGGSDVWGQGTLVTVSS
12,39,TAVYYC____________WGQGTLVTVSS,ARRGNGGGAFDV,TAVYYCARRGNGGGAFDVWGQGTLVTVSS
12,40,TAVYYC____________WGQGTLVTVSS,ARSLGGGGDFDV,TAVYYCARSLGGGGDFDVWGQGTLVTVSS
12,41,TAVYYC____________WGQGTLVTVSS,ARGGGGGGGYDS,TAVYYCARGGGGGGGYDSWGQGTLVTVSS
12,42,TAVYYC____________WGQGTLVTVSS,AAGGGGGGGGDV,TAVYYCAAGGGGGGGGDVWGQGTLVTVSS
12,43,TAVYYC____________WGQGTLVTVSS,AASSGRGGGFDV,TAVYYCAASSGRGGGFDVWGQGTLVTVSS
12,44,TAVYYC____________WGQGTLVTVSS,AASGGGGGSLDV,TAVYYCAASGGGGGSLDVWGQGTLVTVSS
12,45,TAVYYC____________WGQGTLVTVSS,ARDDGTGGGFDV,TAVYYCARDDGTGGGFDVWGQGTLVTVSS
12,46,TAVYYC____________WGQGTLVTVSS,AASGGGGGDFIV,TAVYYCAASGGGGGDFIVWGQGTLVTVSS
12,47,TAVYYC____________WGQGTLVTVSS,ARRWGGGGGFDV,TAVYYCARRWGGGGGFDVWGQGTLVTVSS
12,48,TAVYYC____________WGQGTLVTVSS,ARDNGGGGGFDV,TAVYYCARDNGGGGGFDVWGQGTLVTVSS
12,49,TAVYYC____________WGQGTLVTVSS,ARRDGGGGALDV,TAVYYCARRDGGGGALDVWGQGTLVTVSS
12,50,TAVYYC____________WGQGTLVTVSS,ARVGGGGGGFDV,TAVYYCARVGGGGGGFDVWGQGTLVTVSS
